,filter,time,field,noise
423,z,56534.2265625,173.0,0.0018000000000000002
0,g,56538.36328125,173.0,0.0023
135,r,56538.3671875,173.0,0.0021000000000000003
278,i,56538.36957289,173.0,0.0022
424,z,56538.37229197,173.0,0.0018000000000000002
425,z,56538.375,173.0,0.0018000000000000002
1,g,56543.30859375,173.0,0.0023
136,r,56543.312265,173.0,0.0021000000000000003
279,i,56543.31432044,173.0,0.0022
426,z,56543.31640625,173.0,0.0018000000000000002
427,z,56543.3203125,173.0,0.0018000000000000002
2,g,56547.26765106,173.0,0.0023
137,r,56547.2700096,173.0,0.0021000000000000003
280,i,56547.2721053,173.0,0.0022
428,z,56547.27473746,173.0,0.0018000000000000002
429,z,56547.27734375,173.0,0.0018000000000000002
431,z,56551.25203476,173.0,0.0018000000000000002
430,z,56551.25467653,173.0,0.0018000000000000002
3,g,56552.26953125,173.0,0.0023
138,r,56552.2734375,173.0,0.0021000000000000003
281,i,56552.27564044,173.0,0.0022
432,z,56552.27830102,173.0,0.0018000000000000002
433,z,56552.28125,173.0,0.0018000000000000002
4,g,56559.19049088,173.0,0.0023
139,r,56559.19286457,173.0,0.0021000000000000003
282,i,56559.1953125,173.0,0.0022
434,z,56559.19758997,173.0,0.0018000000000000002
435,z,56559.20024766,173.0,0.0018000000000000002
5,g,56563.19921875,173.0,0.0023
140,r,56563.20254059,173.0,0.0021000000000000003
283,i,56563.2046114,173.0,0.0022
436,z,56563.20703125,173.0,0.0018000000000000002
437,z,56563.2109375,173.0,0.0018000000000000002
6,g,56567.21875,173.0,0.0023
141,r,56567.2215084,173.0,0.0021000000000000003
284,i,56567.22358823,173.0,0.0022
438,z,56567.2265625,173.0,0.0018000000000000002
439,z,56567.23046875,173.0,0.0018000000000000002
7,g,56575.19140625,173.0,0.0023
142,r,56575.1937485,173.0,0.0021000000000000003
285,i,56575.19582406,173.0,0.0022
440,z,56575.19850479,173.0,0.0018000000000000002
441,z,56575.20115786,173.0,0.0018000000000000002
8,g,56579.1796875,173.0,0.0023
143,r,56579.18319394,173.0,0.0021000000000000003
286,i,56579.18527735,173.0,0.0022
442,z,56579.1875,173.0,0.0018000000000000002
443,z,56579.19140625,173.0,0.0018000000000000002
9,g,56590.33984375,173.0,0.0023
144,r,56590.34330834,173.0,0.0021000000000000003
287,i,56590.3453991,173.0,0.0022
444,z,56590.3515625,173.0,0.0018000000000000002
10,g,56594.1328125,173.0,0.0023
145,r,56594.13490888,173.0,0.0021000000000000003
288,i,56594.13698431,173.0,0.0022
446,z,56594.13963008,173.0,0.0018000000000000002
445,z,56594.14228554,173.0,0.0018000000000000002
11,g,56602.1171875,173.0,0.0023
146,r,56602.12090182,173.0,0.0021000000000000003
289,i,56602.12299932,173.0,0.0022
447,z,56602.125,173.0,0.0018000000000000002
448,z,56602.12890625,173.0,0.0018000000000000002
12,g,56607.0546875,173.0,0.0023
147,r,56607.05784487,173.0,0.0021000000000000003
290,i,56607.059925,173.0,0.0022
449,z,56607.0625,173.0,0.0018000000000000002
450,z,56607.06640625,173.0,0.0018000000000000002
13,g,56614.07312372,173.0,0.0023
148,r,56614.07547546,173.0,0.0021000000000000003
291,i,56614.078125,173.0,0.0022
452,z,56614.08020107,173.0,0.0018000000000000002
451,z,56614.08285571,173.0,0.0018000000000000002
14,g,56615.09609035,173.0,0.0023
149,r,56615.09846663,173.0,0.0021000000000000003
292,i,56615.1015625,173.0,0.0022
453,z,56615.10546875,173.0,0.0018000000000000002
15,g,56625.18253352,173.0,0.0023
150,r,56625.18488646,173.0,0.0021000000000000003
293,i,56625.1875,173.0,0.0022
454,z,56625.18963309,173.0,0.0018000000000000002
455,z,56625.19229823,173.0,0.0018000000000000002
16,g,56628.07421875,173.0,0.0023
151,r,56628.078125,173.0,0.0021000000000000003
294,i,56628.08032678,173.0,0.0022
456,z,56628.08300811,173.0,0.0018000000000000002
457,z,56628.0859375,173.0,0.0018000000000000002
17,g,56635.12748407,173.0,0.0023
152,r,56635.1298442,173.0,0.0021000000000000003
295,i,56635.13190835,173.0,0.0022
458,z,56635.13456351,173.0,0.0018000000000000002
459,z,56635.13671875,173.0,0.0018000000000000002
18,g,56645.07660965,173.0,0.0023
153,r,56645.08004464,173.0,0.0021000000000000003
296,i,56645.08203125,173.0,0.0022
461,z,56645.08477897,173.0,0.0018000000000000002
460,z,56645.08741992,173.0,0.0018000000000000002
19,g,56649.1640625,173.0,0.0023
154,r,56649.16796875,173.0,0.0021000000000000003
297,i,56649.17002509,173.0,0.0022
462,z,56649.1727058,173.0,0.0018000000000000002
463,z,56649.17578125,173.0,0.0018000000000000002
20,g,56653.0859375,173.0,0.0023
155,r,56653.08814947,173.0,0.0021000000000000003
298,i,56653.09022481,173.0,0.0022
464,z,56653.09288804,173.0,0.0018000000000000002
465,z,56653.09552375,173.0,0.0018000000000000002
21,g,56660.08864801,173.0,0.0023
156,r,56660.09100244,173.0,0.0021000000000000003
299,i,56660.09306407,173.0,0.0022
466,z,56660.09570217,173.0,0.0018000000000000002
467,z,56660.09765625,173.0,0.0018000000000000002
22,g,56667.11602829,173.0,0.0023
157,r,56667.11839324,173.0,0.0021000000000000003
300,i,56667.12109375,173.0,0.0022
469,z,56667.12311242,173.0,0.0018000000000000002
468,z,56667.12575493,173.0,0.0018000000000000002
23,g,56675.09977377,173.0,0.0023
158,r,56675.1021204,173.0,0.0021000000000000003
301,i,56675.10420704,173.0,0.0022
470,z,56675.10687816,173.0,0.0018000000000000002
471,z,56675.109375,173.0,0.0018000000000000002
24,g,56682.08042766,173.0,0.0023
159,r,56682.08375046,173.0,0.0021000000000000003
302,i,56682.0859375,173.0,0.0022
473,z,56682.08846285,173.0,0.0018000000000000002
472,z,56682.09111447,173.0,0.0018000000000000002
25,g,56686.11953552,173.0,0.0023
160,r,56686.12304446,173.0,0.0021000000000000003
303,i,56686.125,173.0,0.0022
474,z,56686.12776059,173.0,0.0018000000000000002
475,z,56686.13040431,173.0,0.0018000000000000002
26,g,56693.03433688,173.0,0.0023
161,r,56693.03669553,173.0,0.0021000000000000003
304,i,56693.0390625,173.0,0.0022
476,z,56693.04143112,173.0,0.0018000000000000002
477,z,56693.04406888,173.0,0.0018000000000000002
27,g,56887.38894855,173.0,0.0023
162,r,56887.39254001,173.0,0.0021000000000000003
305,i,56887.39453125,173.0,0.0022
478,z,56887.39725799,173.0,0.0018000000000000002
479,z,56887.39988845,173.0,0.0018000000000000002
28,g,56891.390625,173.0,0.0023
163,r,56891.39439152,173.0,0.0021000000000000003
306,i,56891.39647504,173.0,0.0022
480,z,56891.3984375,173.0,0.0018000000000000002
481,z,56891.40234375,173.0,0.0018000000000000002
29,g,56904.29548327,173.0,0.0023
164,r,56904.29784908,173.0,0.0021000000000000003
307,i,56904.29990723,173.0,0.0022
482,z,56904.30254318,173.0,0.0018000000000000002
483,z,56904.3046875,173.0,0.0018000000000000002
30,g,56912.34375,173.0,0.0023
165,r,56912.34597464,173.0,0.0021000000000000003
308,i,56912.34804767,173.0,0.0022
485,z,56912.35068576,173.0,0.0018000000000000002
484,z,56912.35332735,173.0,0.0018000000000000002
31,g,56920.3046875,173.0,0.0023
166,r,56920.30714691,173.0,0.0021000000000000003
309,i,56920.30920331,173.0,0.0022
486,z,56920.3125,173.0,0.0018000000000000002
487,z,56920.31640625,173.0,0.0018000000000000002
32,g,56927.234375,173.0,0.0023
167,r,56927.23733856,173.0,0.0021000000000000003
310,i,56927.23941032,173.0,0.0022
488,z,56927.2421875,173.0,0.0018000000000000002
489,z,56927.24609375,173.0,0.0018000000000000002
33,g,56943.22858153,173.0,0.0023
168,r,56943.23215048,173.0,0.0021000000000000003
311,i,56943.234375,173.0,0.0022
490,z,56943.23684736,173.0,0.0018000000000000002
491,z,56943.23948906,173.0,0.0018000000000000002
34,g,56949.32326633,173.0,0.0023
169,r,56949.32561251,173.0,0.0021000000000000003
312,i,56949.328125,173.0,0.0022
492,z,56949.33029304,173.0,0.0018000000000000002
493,z,56949.33292826,173.0,0.0018000000000000002
35,g,56956.3359375,173.0,0.0023
170,r,56956.33984375,173.0,0.0021000000000000003
313,i,56956.34222427,173.0,0.0022
494,z,56956.34487736,173.0,0.0018000000000000002
495,z,56956.34765625,173.0,0.0018000000000000002
36,g,56960.26953125,173.0,0.0023
171,r,56960.2734375,173.0,0.0021000000000000003
314,i,56960.27552797,173.0,0.0022
496,z,56960.27815966,173.0,0.0018000000000000002
497,z,56960.28125,173.0,0.0018000000000000002
315,i,56966.35546875,173.0,0.0022
498,z,56966.359375,173.0,0.0018000000000000002
499,z,56966.36328125,173.0,0.0018000000000000002
37,g,56973.31487728,173.0,0.0023
172,r,56973.31723038,173.0,0.0021000000000000003
316,i,56973.31930442,173.0,0.0022
500,z,56973.32194213,173.0,0.0018000000000000002
501,z,56973.32421875,173.0,0.0018000000000000002
38,g,56980.31640625,173.0,0.0023
173,r,56980.31902906,173.0,0.0021000000000000003
317,i,56980.32108083,173.0,0.0022
502,z,56980.32421875,173.0,0.0018000000000000002
503,z,56980.328125,173.0,0.0018000000000000002
39,g,56988.0294158,173.0,0.0023
174,r,56988.03176448,173.0,0.0021000000000000003
318,i,56988.03382439,173.0,0.0022
504,z,56988.03647109,173.0,0.0018000000000000002
505,z,56988.0390625,173.0,0.0018000000000000002
319,i,56991.15625,173.0,0.0022
507,z,56991.15822768,173.0,0.0018000000000000002
506,z,56991.16087294,173.0,0.0018000000000000002
40,g,56992.13493091,173.0,0.0023
175,r,56992.13852869,173.0,0.0021000000000000003
320,i,56992.140625,173.0,0.0022
509,z,56992.14324618,173.0,0.0018000000000000002
508,z,56992.14589577,173.0,0.0018000000000000002
176,r,57001.30427969,173.0,0.0021000000000000003
321,i,57001.30636467,173.0,0.0022
510,z,57001.30859375,173.0,0.0018000000000000002
511,z,57001.3125,173.0,0.0018000000000000002
41,g,57008.109375,173.0,0.0023
177,r,57008.11328125,173.0,0.0021000000000000003
322,i,57008.1171875,173.0,0.0022
512,z,57008.12109375,173.0,0.0018000000000000002
42,g,57012.08203125,173.0,0.0023
178,r,57012.08416427,173.0,0.0021000000000000003
323,i,57012.0862193,173.0,0.0022
513,z,57012.08885965,173.0,0.0018000000000000002
514,z,57012.09148908,173.0,0.0018000000000000002
43,g,57018.0703125,173.0,0.0023
179,r,57018.07321426,173.0,0.0021000000000000003
324,i,57018.07527806,173.0,0.0022
515,z,57018.078125,173.0,0.0018000000000000002
516,z,57018.08203125,173.0,0.0018000000000000002
44,g,57019.0703125,173.0,0.0023
180,r,57019.07247011,173.0,0.0021000000000000003
325,i,57019.07453806,173.0,0.0022
518,z,57019.07718943,173.0,0.0018000000000000002
517,z,57019.07982044,173.0,0.0018000000000000002
45,g,57026.16631307,173.0,0.0023
181,r,57026.16867505,173.0,0.0021000000000000003
326,i,57026.17074525,173.0,0.0022
519,z,57026.17340592,173.0,0.0018000000000000002
520,z,57026.17578125,173.0,0.0018000000000000002
46,g,57033.16015625,173.0,0.0023
182,r,57033.16379708,173.0,0.0021000000000000003
327,i,57033.16585759,173.0,0.0022
521,z,57033.16796875,173.0,0.0018000000000000002
522,z,57033.171875,173.0,0.0018000000000000002
47,g,57040.17464001,173.0,0.0023
183,r,57040.17699988,173.0,0.0021000000000000003
328,i,57040.1796875,173.0,0.0022
523,z,57040.18170185,173.0,0.0018000000000000002
524,z,57040.18435932,173.0,0.0018000000000000002
48,g,57047.0859375,173.0,0.0023
184,r,57047.08871149,173.0,0.0021000000000000003
329,i,57047.09078452,173.0,0.0022
525,z,57047.09375,173.0,0.0018000000000000002
526,z,57047.09765625,173.0,0.0018000000000000002
49,g,57054.033829,173.0,0.0023
185,r,57054.03618136,173.0,0.0021000000000000003
330,i,57054.03825163,173.0,0.0022
527,z,57054.04090797,173.0,0.0018000000000000002
528,z,57054.04296875,173.0,0.0018000000000000002
50,g,57061.140625,173.0,0.0023
186,r,57061.14453125,173.0,0.0021000000000000003
331,i,57061.14672616,173.0,0.0022
529,z,57061.14936665,173.0,0.0018000000000000002
530,z,57061.15234375,173.0,0.0018000000000000002
51,g,57066.02960326,173.0,0.0023
187,r,57066.03194813,173.0,0.0021000000000000003
332,i,57066.03401482,173.0,0.0022
531,z,57066.03665874,173.0,0.0018000000000000002
532,z,57066.0390625,173.0,0.0018000000000000002
52,g,57249.421875,173.0,0.0023
53,g,57250.328125,173.0,0.0023
188,r,57250.33203125,173.0,0.0021000000000000003
333,i,57250.33441187,173.0,0.0022
533,z,57250.33706779,173.0,0.0018000000000000002
534,z,57250.33984375,173.0,0.0018000000000000002
54,g,57255.41015625,173.0,0.0023
189,r,57255.41282948,173.0,0.0021000000000000003
334,i,57255.41487894,173.0,0.0022
535,z,57255.41796875,173.0,0.0018000000000000002
536,z,57255.421875,173.0,0.0018000000000000002
55,g,57265.36328125,173.0,0.0023
190,r,57265.36558814,173.0,0.0021000000000000003
335,i,57265.36764078,173.0,0.0022
537,z,57265.37027634,173.0,0.0018000000000000002
538,z,57265.37292454,173.0,0.0018000000000000002
191,r,57276.34238737,173.0,0.0021000000000000003
336,i,57276.34444643,173.0,0.0022
539,z,57276.34765625,173.0,0.0018000000000000002
540,z,57276.3515625,173.0,0.0018000000000000002
56,g,57278.2333936,173.0,0.0023
192,r,57278.23576047,173.0,0.0021000000000000003
337,i,57278.23828125,173.0,0.0022
541,z,57278.24048096,173.0,0.0018000000000000002
542,z,57278.24311805,173.0,0.0018000000000000002
193,r,57286.25390625,173.0,0.0021000000000000003
338,i,57286.25664497,173.0,0.0022
543,z,57286.25929693,173.0,0.0018000000000000002
544,z,57286.26171875,173.0,0.0018000000000000002
57,g,57291.19140625,173.0,0.0023
194,r,57291.19395886,173.0,0.0021000000000000003
339,i,57291.19603651,173.0,0.0022
195,r,57297.1875,173.0,0.0021000000000000003
340,i,57297.19140625,173.0,0.0022
546,z,57297.19408374,173.0,0.0018000000000000002
545,z,57297.19672026,173.0,0.0018000000000000002
58,g,57298.34375,173.0,0.0023
196,r,57298.34765625,173.0,0.0021000000000000003
341,i,57298.34992767,173.0,0.0022
547,z,57298.35258162,173.0,0.0018000000000000002
548,z,57298.35546875,173.0,0.0018000000000000002
59,g,57302.31550332,173.0,0.0023
197,r,57302.31786091,173.0,0.0021000000000000003
550,z,57302.32257917,173.0,0.0018000000000000002
549,z,57302.32521651,173.0,0.0018000000000000002
60,g,57303.15234375,173.0,0.0023
342,i,57303.15625,173.0,0.0022
61,g,57304.17578125,173.0,0.0023
198,r,57304.1796875,173.0,0.0021000000000000003
343,i,57304.18193284,173.0,0.0022
551,z,57304.18457324,173.0,0.0018000000000000002
552,z,57304.1875,173.0,0.0018000000000000002
62,g,57311.35546875,173.0,0.0023
199,r,57311.35745587,173.0,0.0021000000000000003
344,i,57311.35953462,173.0,0.0022
553,z,57311.36218432,173.0,0.0018000000000000002
554,z,57311.36482632,173.0,0.0018000000000000002
63,g,57315.22918149,173.0,0.0023
200,r,57315.2315549,173.0,0.0021000000000000003
345,i,57315.23360859,173.0,0.0022
555,z,57315.23625058,173.0,0.0018000000000000002
556,z,57315.23828125,173.0,0.0018000000000000002
346,i,57319.15063194,173.0,0.0022
557,z,57319.15327295,173.0,0.0018000000000000002
558,z,57319.15625,173.0,0.0018000000000000002
201,r,57325.12109375,173.0,0.0021000000000000003
347,i,57325.125,173.0,0.0022
560,z,57325.12712013,173.0,0.0018000000000000002
559,z,57325.12976821,173.0,0.0018000000000000002
64,g,57329.2109375,173.0,0.0023
202,r,57329.21346738,173.0,0.0021000000000000003
348,i,57329.21553395,173.0,0.0022
561,z,57329.21875,173.0,0.0018000000000000002
562,z,57329.22265625,173.0,0.0018000000000000002
65,g,57332.07421875,173.0,0.0023
203,r,57332.07675463,173.0,0.0021000000000000003
349,i,57332.07883108,173.0,0.0022
563,z,57332.08203125,173.0,0.0018000000000000002
564,z,57332.0859375,173.0,0.0018000000000000002
66,g,57339.29511089,173.0,0.0023
204,r,57339.29747271,173.0,0.0021000000000000003
350,i,57339.299554,173.0,0.0022
565,z,57339.30219251,173.0,0.0018000000000000002
566,z,57339.3046875,173.0,0.0018000000000000002
67,g,57345.31087607,173.0,0.0023
205,r,57345.31443293,173.0,0.0021000000000000003
351,i,57345.31640625,173.0,0.0022
567,z,57345.31913625,173.0,0.0018000000000000002
568,z,57345.321771,173.0,0.0018000000000000002
68,g,57355.23654569,173.0,0.0023
206,r,57355.24003766,173.0,0.0021000000000000003
352,i,57355.2421875,173.0,0.0022
569,z,57355.24476586,173.0,0.0018000000000000002
570,z,57355.24741858,173.0,0.0018000000000000002
69,g,57365.1824405,173.0,0.0023
207,r,57365.18478996,173.0,0.0021000000000000003
353,i,57365.1875,173.0,0.0022
572,z,57365.18951388,173.0,0.0018000000000000002
571,z,57365.19215393,173.0,0.0018000000000000002
70,g,57372.23670977,173.0,0.0023
208,r,57372.23908665,173.0,0.0021000000000000003
354,i,57372.24114583,173.0,0.0022
573,z,57372.24379055,173.0,0.0018000000000000002
574,z,57372.24609375,173.0,0.0018000000000000002
71,g,57375.04550791,173.0,0.0023
209,r,57375.04786822,173.0,0.0021000000000000003
355,i,57375.04994702,173.0,0.0022
575,z,57375.05260039,173.0,0.0018000000000000002
576,z,57375.0546875,173.0,0.0018000000000000002
72,g,57385.1484375,173.0,0.0023
210,r,57385.15077663,173.0,0.0021000000000000003
356,i,57385.15286894,173.0,0.0022
577,z,57385.15550651,173.0,0.0018000000000000002
578,z,57385.158148,173.0,0.0018000000000000002
73,g,57389.1484375,173.0,0.0023
211,r,57389.15157461,173.0,0.0021000000000000003
357,i,57389.15363334,173.0,0.0022
579,z,57389.15625,173.0,0.0018000000000000002
580,z,57389.16015625,173.0,0.0018000000000000002
74,g,57394.15625,173.0,0.0023
212,r,57394.16000502,173.0,0.0021000000000000003
358,i,57394.16206537,173.0,0.0022
581,z,57394.1640625,173.0,0.0018000000000000002
582,z,57394.16796875,173.0,0.0018000000000000002
75,g,57401.13477264,173.0,0.0023
213,r,57401.13824855,173.0,0.0021000000000000003
359,i,57401.140625,173.0,0.0022
584,z,57401.14295389,173.0,0.0018000000000000002
583,z,57401.14558902,173.0,0.0018000000000000002
76,g,57408.06484018,173.0,0.0023
214,r,57408.06719633,173.0,0.0021000000000000003
360,i,57408.06925269,173.0,0.0022
585,z,57408.07189316,173.0,0.0018000000000000002
586,z,57408.07421875,173.0,0.0018000000000000002
77,g,57425.14453125,173.0,0.0023
215,r,57425.1484375,173.0,0.0021000000000000003
361,i,57425.15080587,173.0,0.0022
587,z,57425.15345471,173.0,0.0018000000000000002
588,z,57425.15625,173.0,0.0018000000000000002
78,g,57623.41249288,173.0,0.0023
216,r,57623.41484359,173.0,0.0021000000000000003
362,i,57623.41689791,173.0,0.0022
589,z,57623.41952493,173.0,0.0018000000000000002
590,z,57623.421875,173.0,0.0018000000000000002
79,g,57627.37737055,173.0,0.0023
217,r,57627.38083444,173.0,0.0021000000000000003
363,i,57627.3828125,173.0,0.0022
591,z,57627.38556361,173.0,0.0018000000000000002
592,z,57627.38821244,173.0,0.0018000000000000002
80,g,57633.33025551,173.0,0.0023
218,r,57633.3326208,173.0,0.0021000000000000003
364,i,57633.33468481,173.0,0.0022
593,z,57633.33732016,173.0,0.0018000000000000002
594,z,57633.33984375,173.0,0.0018000000000000002
81,g,57637.32421875,173.0,0.0023
219,r,57637.32783394,173.0,0.0021000000000000003
365,i,57637.32988769,173.0,0.0022
595,z,57637.33203125,173.0,0.0018000000000000002
596,z,57637.3359375,173.0,0.0018000000000000002
82,g,57643.30859375,173.0,0.0023
220,r,57643.31085935,173.0,0.0021000000000000003
366,i,57643.31290958,173.0,0.0022
597,z,57643.31555265,173.0,0.0018000000000000002
598,z,57643.31820517,173.0,0.0018000000000000002
221,r,57645.24835706,173.0,0.0021000000000000003
367,i,57645.25042023,173.0,0.0022
599,z,57645.25306042,173.0,0.0018000000000000002
600,z,57645.25570981,173.0,0.0018000000000000002
83,g,57653.34600752,173.0,0.0023
222,r,57653.34834973,173.0,0.0021000000000000003
368,i,57653.35040595,173.0,0.0022
601,z,57653.35305443,173.0,0.0018000000000000002
602,z,57653.35546875,173.0,0.0018000000000000002
84,g,57660.265625,173.0,0.0023
223,r,57660.268683,173.0,0.0021000000000000003
369,i,57660.27075458,173.0,0.0022
603,z,57660.2734375,173.0,0.0018000000000000002
604,z,57660.27734375,173.0,0.0018000000000000002
85,g,57667.16609206,173.0,0.0023
224,r,57667.16844646,173.0,0.0021000000000000003
370,i,57667.17051226,173.0,0.0022
605,z,57667.17316963,173.0,0.0018000000000000002
606,z,57667.17578125,173.0,0.0018000000000000002
371,i,57673.234375,173.0,0.0022
607,z,57673.23828125,173.0,0.0018000000000000002
608,z,57673.2421875,173.0,0.0018000000000000002
372,i,57680.14453125,173.0,0.0022
609,z,57680.1484375,173.0,0.0018000000000000002
86,g,57681.16308886,173.0,0.0023
225,r,57681.16544466,173.0,0.0021000000000000003
373,i,57681.16796875,173.0,0.0022
610,z,57681.17015169,173.0,0.0018000000000000002
611,z,57681.17281309,173.0,0.0018000000000000002
87,g,57686.16015625,173.0,0.0023
226,r,57686.1640625,173.0,0.0021000000000000003
374,i,57686.16613214,173.0,0.0022
612,z,57686.16877301,173.0,0.0018000000000000002
613,z,57686.171875,173.0,0.0018000000000000002
88,g,57687.1640625,173.0,0.0023
227,r,57687.16779787,173.0,0.0021000000000000003
375,i,57687.16986,173.0,0.0022
614,z,57687.171875,173.0,0.0018000000000000002
615,z,57687.17578125,173.0,0.0018000000000000002
89,g,57688.09765625,173.0,0.0023
228,r,57688.10026597,173.0,0.0021000000000000003
376,i,57688.10233405,173.0,0.0022
616,z,57688.10546875,173.0,0.0018000000000000002
617,z,57688.109375,173.0,0.0018000000000000002
90,g,57695.078125,173.0,0.0023
229,r,57695.08063231,173.0,0.0021000000000000003
377,i,57695.08268646,173.0,0.0022
618,z,57695.0859375,173.0,0.0018000000000000002
619,z,57695.08984375,173.0,0.0018000000000000002
91,g,57696.07421875,173.0,0.0023
230,r,57696.07741483,173.0,0.0021000000000000003
378,i,57696.07947429,173.0,0.0022
620,z,57696.08203125,173.0,0.0018000000000000002
621,z,57696.0859375,173.0,0.0018000000000000002
92,g,57703.05714727,173.0,0.0023
231,r,57703.0595238,173.0,0.0021000000000000003
379,i,57703.06159305,173.0,0.0022
622,z,57703.06424441,173.0,0.0018000000000000002
623,z,57703.06640625,173.0,0.0018000000000000002
93,g,57710.03515625,173.0,0.0023
232,r,57710.03873942,173.0,0.0021000000000000003
380,i,57710.04079936,173.0,0.0022
624,z,57710.04296875,173.0,0.0018000000000000002
625,z,57710.046875,173.0,0.0018000000000000002
233,r,57714.29227507,173.0,0.0021000000000000003
381,i,57714.29433178,173.0,0.0022
626,z,57714.296875,173.0,0.0018000000000000002
627,z,57714.30078125,173.0,0.0018000000000000002
94,g,57715.125,173.0,0.0023
234,r,57715.12890625,173.0,0.0021000000000000003
95,g,57716.02734375,173.0,0.0023
235,r,57716.03125,173.0,0.0021000000000000003
628,z,57716.03515625,173.0,0.0018000000000000002
629,z,57716.0390625,173.0,0.0018000000000000002
96,g,57717.02734375,173.0,0.0023
236,r,57717.02970265,173.0,0.0021000000000000003
382,i,57717.03176245,173.0,0.0022
631,z,57717.03440953,173.0,0.0018000000000000002
630,z,57717.03704578,173.0,0.0018000000000000002
97,g,57721.05078125,173.0,0.0023
237,r,57721.05391336,173.0,0.0021000000000000003
383,i,57721.05599597,173.0,0.0022
632,z,57721.05859375,173.0,0.0018000000000000002
633,z,57721.0625,173.0,0.0018000000000000002
98,g,57722.03515625,173.0,0.0023
238,r,57722.03828316,173.0,0.0021000000000000003
384,i,57722.04034336,173.0,0.0022
634,z,57722.04296875,173.0,0.0018000000000000002
635,z,57722.046875,173.0,0.0018000000000000002
99,g,57729.05078125,173.0,0.0023
239,r,57729.05309088,173.0,0.0021000000000000003
385,i,57729.05516343,173.0,0.0022
636,z,57729.05779652,173.0,0.0018000000000000002
637,z,57729.06044972,173.0,0.0018000000000000002
100,g,57739.14453125,173.0,0.0023
240,r,57739.14718274,173.0,0.0021000000000000003
386,i,57739.14926534,173.0,0.0022
638,z,57739.15234375,173.0,0.0018000000000000002
639,z,57739.15625,173.0,0.0018000000000000002
101,g,57746.1665694,173.0,0.0023
241,r,57746.16891883,173.0,0.0021000000000000003
387,i,57746.17099091,173.0,0.0022
640,z,57746.17364453,173.0,0.0018000000000000002
641,z,57746.17578125,173.0,0.0018000000000000002
102,g,57751.04296875,173.0,0.0023
242,r,57751.04530831,173.0,0.0021000000000000003
388,i,57751.04738488,173.0,0.0022
643,z,57751.05003099,173.0,0.0018000000000000002
642,z,57751.0526798,173.0,0.0018000000000000002
103,g,57756.125,173.0,0.0023
243,r,57756.12890625,173.0,0.0021000000000000003
389,i,57756.13126504,173.0,0.0022
644,z,57756.13390264,173.0,0.0018000000000000002
645,z,57756.13671875,173.0,0.0018000000000000002
104,g,57761.06640625,173.0,0.0023
244,r,57761.0703125,173.0,0.0021000000000000003
390,i,57761.07239607,173.0,0.0022
646,z,57761.07503763,173.0,0.0018000000000000002
647,z,57761.078125,173.0,0.0018000000000000002
105,g,57770.1328125,173.0,0.0023
245,r,57770.13671875,173.0,0.0021000000000000003
391,i,57770.13901624,173.0,0.0022
648,z,57770.14167482,173.0,0.0018000000000000002
649,z,57770.14453125,173.0,0.0018000000000000002
106,g,57775.15625,173.0,0.0023
246,r,57775.15881585,173.0,0.0021000000000000003
392,i,57775.16088004,173.0,0.0022
650,z,57775.1640625,173.0,0.0018000000000000002
651,z,57775.16796875,173.0,0.0018000000000000002
107,g,57779.14283628,173.0,0.0023
247,r,57779.14519136,173.0,0.0021000000000000003
393,i,57779.14726469,173.0,0.0022
652,z,57779.14992387,173.0,0.0018000000000000002
653,z,57779.15234375,173.0,0.0018000000000000002
108,g,57784.09765625,173.0,0.0023
248,r,57784.10136093,173.0,0.0021000000000000003
394,i,57784.10342478,173.0,0.0022
654,z,57784.10546875,173.0,0.0018000000000000002
655,z,57784.109375,173.0,0.0018000000000000002
656,z,57789.0390625,173.0,0.0018000000000000002
657,z,57789.04296875,173.0,0.0018000000000000002
109,g,57800.07624065,173.0,0.0023
249,r,57800.0786031,173.0,0.0021000000000000003
395,i,57800.08065918,173.0,0.0022
658,z,57800.08332174,173.0,0.0018000000000000002
659,z,57800.0859375,173.0,0.0018000000000000002
110,g,57989.36328125,173.0,0.0023
250,r,57989.36646268,173.0,0.0021000000000000003
396,i,57989.36853644,173.0,0.0022
660,z,57989.37109375,173.0,0.0018000000000000002
661,z,57989.375,173.0,0.0018000000000000002
111,g,57994.2734375,173.0,0.0023
251,r,57994.27719483,173.0,0.0021000000000000003
397,i,57994.27927646,173.0,0.0022
662,z,57994.28125,173.0,0.0018000000000000002
663,z,57994.28515625,173.0,0.0018000000000000002
252,r,57995.2890625,173.0,0.0021000000000000003
112,g,57995.34375,173.0,0.0023
253,r,57995.3458315,173.0,0.0021000000000000003
398,i,57995.3479014,173.0,0.0022
665,z,57995.35053718,173.0,0.0018000000000000002
664,z,57995.35318798,173.0,0.0018000000000000002
113,g,57996.3359375,173.0,0.0023
254,r,57996.33923545,173.0,0.0021000000000000003
399,i,57996.34128891,173.0,0.0022
666,z,57996.34375,173.0,0.0018000000000000002
667,z,57996.34765625,173.0,0.0018000000000000002
255,r,57999.35749192,173.0,0.0021000000000000003
400,i,57999.35954916,173.0,0.0022
669,z,57999.362189,173.0,0.0018000000000000002
668,z,57999.3648504,173.0,0.0018000000000000002
114,g,58008.33203125,173.0,0.0023
256,r,58008.33398847,173.0,0.0021000000000000003
401,i,58008.33605835,173.0,0.0022
670,z,58008.33984375,173.0,0.0018000000000000002
115,g,58015.21875,173.0,0.0023
257,r,58015.22091767,173.0,0.0021000000000000003
402,i,58015.22298036,173.0,0.0022
116,g,58019.20703125,173.0,0.0023
258,r,58019.21011416,173.0,0.0021000000000000003
403,i,58019.21219733,173.0,0.0022
671,z,58019.21484375,173.0,0.0018000000000000002
672,z,58019.21875,173.0,0.0018000000000000002
117,g,58025.25390625,173.0,0.0023
259,r,58026.3359375,173.0,0.0021000000000000003
404,i,58026.33882748,173.0,0.0022
673,z,58026.34146979,173.0,0.0018000000000000002
674,z,58026.34375,173.0,0.0018000000000000002
260,r,58028.1793977,173.0,0.0021000000000000003
405,i,58028.18146198,173.0,0.0022
675,z,58028.18359375,173.0,0.0018000000000000002
676,z,58028.1875,173.0,0.0018000000000000002
118,g,58029.34251867,173.0,0.0023
261,r,58029.34487119,173.0,0.0021000000000000003
406,i,58029.34694108,173.0,0.0022
677,z,58029.34958221,173.0,0.0018000000000000002
678,z,58029.3515625,173.0,0.0018000000000000002
119,g,58036.359375,173.0,0.0023
262,r,58036.36315631,173.0,0.0021000000000000003
407,i,58036.36521525,173.0,0.0022
679,z,58036.3671875,173.0,0.0018000000000000002
680,z,58036.37109375,173.0,0.0018000000000000002
120,g,58040.36225047,173.0,0.0023
263,r,58040.36461935,173.0,0.0021000000000000003
408,i,58040.3671875,173.0,0.0022
682,z,58040.36935164,173.0,0.0018000000000000002
681,z,58040.37200219,173.0,0.0018000000000000002
121,g,58046.1484375,173.0,0.0023
264,r,58046.1504428,173.0,0.0021000000000000003
409,i,58046.15249865,173.0,0.0022
683,z,58046.15513866,173.0,0.0018000000000000002
684,z,58046.15778515,173.0,0.0018000000000000002
122,g,58053.1171875,173.0,0.0023
265,r,58053.1199905,173.0,0.0021000000000000003
410,i,58053.1220542,173.0,0.0022
685,z,58053.125,173.0,0.0018000000000000002
686,z,58053.12890625,173.0,0.0018000000000000002
123,g,58057.3125,173.0,0.0023
266,r,58057.314672,173.0,0.0021000000000000003
411,i,58057.3167383,173.0,0.0022
687,z,58057.3193794,173.0,0.0018000000000000002
688,z,58057.32202299,173.0,0.0018000000000000002
124,g,58064.31640625,173.0,0.0023
267,r,58064.31924248,173.0,0.0021000000000000003
412,i,58064.3213091,173.0,0.0022
689,z,58064.32421875,173.0,0.0018000000000000002
690,z,58064.328125,173.0,0.0018000000000000002
125,g,58071.3046875,173.0,0.0023
268,r,58071.3074052,173.0,0.0021000000000000003
413,i,58071.3094743,173.0,0.0022
691,z,58071.3125,173.0,0.0018000000000000002
126,g,58079.1328125,173.0,0.0023
269,r,58079.13500353,173.0,0.0021000000000000003
414,i,58079.13708144,173.0,0.0022
693,z,58079.13972995,173.0,0.0018000000000000002
692,z,58079.14236796,173.0,0.0018000000000000002
127,g,58084.29973402,173.0,0.0023
270,r,58084.3020954,173.0,0.0021000000000000003
415,i,58084.3046875,173.0,0.0022
695,z,58084.30680097,173.0,0.0018000000000000002
694,z,58084.30944328,173.0,0.0018000000000000002
128,g,58092.17578125,173.0,0.0023
271,r,58092.17781184,173.0,0.0021000000000000003
416,i,58092.17988555,173.0,0.0022
697,z,58092.18254523,173.0,0.0018000000000000002
696,z,58092.1851865,173.0,0.0018000000000000002
129,g,58099.08425546,173.0,0.0023
272,r,58099.08763403,173.0,0.0021000000000000003
417,i,58099.08984375,173.0,0.0022
698,z,58099.09234671,173.0,0.0018000000000000002
699,z,58099.09499658,173.0,0.0018000000000000002
130,g,58108.046875,173.0,0.0023
273,r,58108.05010633,173.0,0.0021000000000000003
418,i,58108.05215904,173.0,0.0022
700,z,58108.0546875,173.0,0.0018000000000000002
701,z,58108.05859375,173.0,0.0018000000000000002
131,g,58117.15921877,173.0,0.0023
274,r,58117.16158918,173.0,0.0021000000000000003
419,i,58117.1640625,173.0,0.0022
702,z,58117.16628979,173.0,0.0018000000000000002
703,z,58117.16894223,173.0,0.0018000000000000002
132,g,58124.18613794,173.0,0.0023
275,r,58124.18847972,173.0,0.0021000000000000003
420,i,58124.19054309,173.0,0.0022
704,z,58124.19318976,173.0,0.0018000000000000002
705,z,58124.1953125,173.0,0.0018000000000000002
133,g,58132.11328125,173.0,0.0023
276,r,58132.11552748,173.0,0.0021000000000000003
421,i,58132.11760092,173.0,0.0022
706,z,58132.12024349,173.0,0.0018000000000000002
707,z,58132.12288793,173.0,0.0018000000000000002
134,g,58139.0390625,173.0,0.0023
277,r,58139.04267308,173.0,0.0021000000000000003
422,i,58139.04474048,173.0,0.0022
708,z,58139.046875,173.0,0.0018000000000000002
709,z,58139.05078125,173.0,0.0018000000000000002
710,z,58143.08984375,173.0,0.0018000000000000002
711,z,58143.09375,173.0,0.0018000000000000002
712,z,58154.09572245,173.0,0.0018000000000000002
713,z,58154.09837771,173.0,0.0018000000000000002
